-- insert data into tables

INSERT INTO Employees (EmployeeID, FirstName, LastName, DepartmentID, HireDate, Position, Salary) VALUES
(1, 'John', 'Doe', 1, '2022-01-15', 'HR Manager', 75000),
(2, 'Jane', 'Smith', 2, '2023-02-10', 'Financial Analyst', 70000),
(3, 'Alice', 'Johnson', 3, '2021-03-20', 'IT Specialist', 80000),
(4, 'Bob', 'Williams', 4, '2020-04-25', 'Sales Executive', 65000),
(5, 'Charlie', 'Brown', 5, '2019-05-30', 'Marketing Coordinator', 60000),
(6, 'Eve', 'Davis', 6, '2018-06-05', 'Operations Manager', 85000),
(7, 'Frank', 'Miller', 7, '2017-07-10', 'Customer Support Rep', 50000),
(8, 'Grace', 'Wilson', 8, '2016-08-15', 'R&D Engineer', 90000),
(9, 'Hank', 'Moore', 1, '2015-09-20', 'Legal Advisor', 95000),
(10, 'Ivy', 'Taylor', 2, '2014-10-25', 'Procurement Officer', 68000),
(11, 'Jake', 'Anderson', 3, '2013-11-30', 'QA Tester', 55000),
(12, 'Liam', 'Thomas', 4, '2012-12-05', 'Logistics Coordinator', 62000),
(13, 'Mia', 'Jackson', 5, '2011-01-10', 'Software Engineer', 100000),
(14, 'Noah', 'White', 6, '2010-02-15', 'Product Manager', 95000),
(15, 'Olivia', 'Harris', 7, '2009-03-20', 'Business Analyst', 85000),
(16, 'Paul', 'Martin', 8, '2008-04-25', 'Strategy Consultant', 105000),
(17, 'Quinn', 'Lee', 1, '2007-05-30', 'PR Specialist', 70000),
(18, 'Ryan', 'Walker', 2, '2006-06-05', 'Data Scientist', 120000),
(19, 'Sophia', 'Hall', 3, '2005-07-10', 'Compliance Officer', 75000);

-- Insert into Departments table
INSERT INTO Departments (DepartmentID, DepartmentName, Location) VALUES
(1, 'Human Resources', 'New York'),
(2, 'Finance', 'Los Angeles'),
(3, 'IT', 'San Francisco'),
(4, 'Sales', 'Chicago'),
(5, 'Marketing', 'Miami'),
(6, 'Operations', 'Seattle'),
(7, 'Customer Support', 'Austin'),
(8, 'Research and Development', 'Boston'),
(9, 'Legal', 'Washington'),
(10, 'Procurement', 'Dallas'),
(11, 'Quality Assurance', 'Denver'),
(12, 'Logistics', 'Atlanta'),
(13, 'Engineering', 'San Jose'),
(14, 'Product Management', 'Philadelphia'),
(15, 'Business Development', 'Phoenix'),
(16, 'Corporate Strategy', 'Charlotte'),
(17, 'Public Relations', 'San Diego'),
(18, 'Data Science', 'Houston'),
(19, 'Compliance', 'Orlando'),
(20, 'Training', 'Las Vegas');

-- Insert into Projects table
INSERT INTO Projects (ProjectID, ProjectName, StartDate, EndDate, Budget) VALUES
(1, 'Website Redesign', '2023-01-01', '2023-06-30', 100000),
(2, 'Mobile App Development', '2023-02-01', '2023-07-31', 150000),
(3, 'Cloud Migration', '2023-03-01', '2023-08-31', 140000),
(4, 'New Product Launch', '2023-04-01', '2023-09-30', 120000),
(5, 'SEO Optimization', '2023-05-01', '2023-10-31', 180000),
(6, 'AI Integration', '2023-06-01', '2023-11-30', 160000),
(7, 'Data Analytics Implementation', '2023-07-01', '2023-12-31', 110000),
(8, 'Market Research Study', '2023-08-01', '2024-01-31', 130000),
(9, 'Customer Feedback System', '2023-09-01', '2024-02-28', 140000),
(10, 'Supply Chain Optimization', '2023-10-01', '2024-03-31', 175000),
(11, 'New ERP System', '2023-11-01', '2024-04-30', 160000),
(12, 'Corporate Website Overhaul', '2023-12-01', '2024-05-31', 150000),
(13, 'Social Media Strategy', '2024-01-01', '2024-06-30', 170000),
(14, 'Branding and Identity', '2024-02-01', '2024-07-31', 125000),
(15, 'Customer Loyalty Program', '2024-03-01', '2024-08-31', 155000),
(16, 'Product Expansion', '2024-04-01', '2024-09-30', 135000),
(17, 'Remote Work Infrastructure', '2024-05-01', '2024-10-31', 145000),
(18, 'Cybersecurity Enhancement', '2024-06-01', '2024-11-30', 185000),
(19, 'New Market Entry', '2024-07-01', '2024-12-31', 165000),
(20, 'Sustainability Initiative', '2024-08-01', '2025-01-31', 190000);


-- Insert into Assignments table with duplicate EmployeeID and ProjectID
INSERT INTO Assignments (AssignmentID, EmployeeID, ProjectID, Role, AssignmentDate) VALUES
(1, 1, 1, 'Manager', '2023-01-01'),
(2, 2, 1, 'Analyst', '2023-02-01'),
(3, 3, 2, 'Developer', '2023-03-01'),
(4, 3, 3, 'Developer', '2023-04-01'),
(5, 4, 3, 'Sales Rep', '2023-05-01'),
(6, 4, 4, 'Sales Rep', '2023-06-01'),
(7, 5, 5, 'Coordinator', '2023-07-01'),
(8, 6, 5, 'Manager', '2023-08-01'),
(9, 7, 6, 'Support Rep', '2023-09-01'),
(10, 8, 6, 'Engineer', '2023-10-01'),
(11, 9, 7, 'Advisor', '2023-11-01'),
(12, 10, 7, 'Officer', '2023-12-01'),
(13, 11, 8, 'Tester', '2024-01-01'),
(14, 12, 8, 'Coordinator', '2024-02-01'),
(15, 13, 9, 'Engineer', '2024-03-01'),
(16, 14, 10, 'Manager', '2024-04-01'),
(17, 15, 10, 'Analyst', '2024-05-01'),
(18, 16, 11, 'Consultant', '2024-06-01'),
(19, 17, 12, 'Specialist', '2024-07-01'),
(20, 18, 12, 'Scientist', '2024-08-01');

-- Insert into Orders table with duplicate CustomerID
INSERT INTO Orders (OrderID, CustomerID, OrderDate, TotalAmount) VALUES
(1, 1, '2023-01-01', 5000),
(2, 1, '2023-01-15', 2500),
(3, 2, '2023-02-01', 7500),
(4, 2, '2023-02-20', 3000),
(5, 3, '2023-03-01', 10000),
(6, 4, '2023-04-01', 15000),
(7, 4, '2023-04-18', 12000),
(8, 5, '2023-05-01', 20000),
(9, 5, '2023-05-20', 25000),
(10, 6, '2023-06-01', 12000),
(11, 7, '2023-07-01', 17000),
(12, 8, '2023-08-01', 13000),
(13, 9, '2023-09-01', 9000),
(14, 10, '2023-10-01', 8000),
(15, 11, '2023-11-01', 7000),
(16, 12, '2023-12-01', 6000),
(17, 13, '2024-01-01', 11000),
(18, 14, '2024-02-01', 10500),
(19, 15, '2024-03-01', 9500),
(20, 16, '2024-04-01', 12500);

-- Insert into Customers table
INSERT INTO Customers (CustomerID, CustomerName, ContactNumber, Email, Address) VALUES
(1, 'Michael Thompson', '555-1234', 'michael.thompson@example.com', '123 Main St, New York, NY'),
(2, 'Jessica Johnson', '555-5678', 'jessica.johnson@example.com', '456 Elm St, Los Angeles, CA'),
(3, 'David Anderson', '555-8765', 'david.anderson@example.com', '789 Oak St, San Francisco, CA'),
(4, 'Emily Martinez', '555-4321', 'emily.martinez@example.com', '321 Pine St, Chicago, IL'),
(5, 'Daniel Lee', '555-2345', 'daniel.lee@example.com', '654 Cedar St, Miami, FL'),
(6, 'Samantha Brown', '555-3456', 'samantha.brown@example.com', '987 Maple St, Seattle, WA'),
(7, 'Joshua White', '555-4567', 'joshua.white@example.com', '258 Birch St, Austin, TX'),
(8, 'Ashley Hall', '555-6789', 'ashley.hall@example.com', '369 Spruce St, Boston, MA'),
(9, 'Christopher Moore', '555-7890', 'christopher.moore@example.com', '147 Willow St, Washington, DC'),
(10, 'Amanda Taylor', '555-8901', 'amanda.taylor@example.com', '159 Hickory St, Dallas, TX'),
(11, 'Matthew Wilson', '555-9012', 'matthew.wilson@example.com', '753 Poplar St, Denver, CO'),
(12, 'Elizabeth Harris', '555-0123', 'elizabeth.harris@example.com', '357 Ash St, Atlanta, GA'),
(13, 'Andrew Lewis', '555-1357', 'andrew.lewis@example.com', '951 Cherry St, San Jose, CA'),
(14, 'Natalie Clark', '555-2468', 'natalie.clark@example.com', '159 Cypress St, Philadelphia, PA'),
(15, 'Brian Robinson', '555-3579', 'brian.robinson@example.com', '753 Palm St, Phoenix, AZ'),
(16, 'Megan Perez', '555-4680', 'megan.perez@example.com', '951 Olive St, Charlotte, NC'),
(17, 'Anthony Walker', '555-5791', 'anthony.walker@example.com', '357 Juniper St, San Diego, CA'),
(18, 'Laura Scott', '555-6802', 'laura.scott@example.com', '159 Fir St, Houston, TX'),
(19, 'Alexander Turner', '555-7913', 'alexander.turner@example.com', '753 Cedar St, Orlando, FL'),
(20, 'Jennifer Adams', '555-9024', 'jennifer.adams@example.com', '951 Pine St, Las Vegas, NV');

-- Insert into Products table
INSERT INTO Products (ProductID, ProductName, Category, Price, StockQuantity) VALUES
(1, 'iPhone 13', 'Electronics', 999, 50),
(2, 'Galaxy S21', 'Electronics', 799, 40),
(3, 'MacBook Pro', 'Electronics', 1299, 30),
(4, 'Surface Pro', 'Electronics', 899, 20),
(5, 'Dell XPS 13', 'Electronics', 999, 10),
(6, 'Dyson Vacuum', 'Home Appliances', 499, 50),
(7, 'Instant Pot', 'Home Appliances', 99, 40),
(8, 'Sony Headphones', 'Electronics', 199, 30),
(9, 'Nike Air Max', 'Fashion', 120, 20),
(10, 'Adidas Ultraboost', 'Fashion', 180, 10),
(11, 'Levi\'s Jeans', 'Fashion', 60, 50),
(12, 'North Face Jacket', 'Fashion', 150, 40),
(13, 'Samsung TV', 'Electronics', 499, 30),
(14, 'Bose Speakers', 'Electronics', 299, 20),
(15, 'KitchenAid Mixer', 'Home Appliances', 399, 10),
(16, 'Apple Watch', 'Electronics', 399, 50),
(17, 'Fitbit Charge', 'Electronics', 149, 40),
(18, 'HP Printer', 'Electronics', 99, 30),
(19, 'Canon Camera', 'Electronics', 599, 20),
(20, 'GoPro Hero', 'Electronics', 299, 10);

-- Insert into OrderDetails table with duplicate OrderID and ProductID
INSERT INTO OrderDetails (OrderDetailID, OrderID, ProductID, Quantity, UnitPrice) VALUES
(1, 1, 1, 2, 999),
(2, 1, 2, 1, 799),
(3, 2, 3, 1, 1299),
(4, 3, 4, 1, 899),
(5, 3, 5, 1, 999),
(6, 4, 6, 2, 499),
(7, 5, 7, 3, 99),
(8, 6, 8, 1, 199),
(9, 6, 9, 1, 120),
(10, 7, 10, 1, 180),
(11, 8, 11, 2, 60),
(12, 9, 12, 1, 150),
(13, 10, 13, 1, 499),
(14, 11, 14, 1, 299),
(15, 12, 15, 1, 399),
(16, 13, 16, 2, 399),
(17, 14, 17, 1, 149),
(18, 15, 18, 1, 99),
(19, 15, 19, 1, 599),
(20, 16, 20, 1, 299);

